table_name,position,col_name,data_type,comment
customer,1,c_custkey,bigint,null
customer,2,c_name,string,null
customer,3,c_address,string,null
customer,4,c_nationkey,bigint,null
customer,5,c_phone,string,null
customer,6,c_acctbal,"decimal(18,2)",null
customer,7,c_mktsegment,string,null
customer,8,c_comment,string,null
lineitem,1,l_orderkey,bigint,null
lineitem,2,l_partkey,bigint,null
lineitem,3,l_suppkey,bigint,null
lineitem,4,l_linenumber,int,null
lineitem,5,l_quantity,"decimal(18,2)",null
lineitem,6,l_extendedprice,"decimal(18,2)",null
lineitem,7,l_discount,"decimal(18,2)",null
lineitem,8,l_tax,"decimal(18,2)",null
lineitem,9,l_returnflag,string,null
lineitem,10,l_linestatus,string,null
lineitem,11,l_shipdate,date,null
lineitem,12,l_commitdate,date,null
lineitem,13,l_receiptdate,date,null
lineitem,14,l_shipinstruct,string,null
lineitem,15,l_shipmode,string,null
lineitem,16,l_comment,string,null
nation,1,n_nationkey,bigint,null
nation,2,n_name,string,null
nation,3,n_regionkey,bigint,null
nation,4,n_comment,string,null
orders,1,o_orderkey,bigint,null
orders,2,o_custkey,bigint,null
orders,3,o_orderstatus,string,null
orders,4,o_totalprice,"decimal(18,2)",null
orders,5,o_orderdate,date,null
orders,6,o_orderpriority,string,null
orders,7,o_clerk,string,null
orders,8,o_shippriority,int,null
orders,9,o_comment,string,null
part,1,p_partkey,bigint,null
part,2,p_name,string,null
part,3,p_mfgr,string,null
part,4,p_brand,string,null
part,5,p_type,string,null
part,6,p_size,int,null
part,7,p_container,string,null
part,8,p_retailprice,"decimal(18,2)",null
part,9,p_comment,string,null
partsupp,1,ps_partkey,bigint,null
partsupp,2,ps_suppkey,bigint,null
partsupp,3,ps_availqty,int,null
partsupp,4,ps_supplycost,"decimal(18,2)",null
partsupp,5,ps_comment,string,null
region,1,r_regionkey,bigint,null
region,2,r_name,string,null
region,3,r_comment,string,null
supplier,1,s_suppkey,bigint,null
supplier,2,s_name,string,null
supplier,3,s_address,string,null
supplier,4,s_nationkey,bigint,null
supplier,5,s_phone,string,null
supplier,6,s_acctbal,"decimal(18,2)",null
supplier,7,s_comment,string,null
