step,status,detail
1 name is unused,ok,workspace.nachalniki_access_check_20261007_121343_8e48
aborted,fail,"UnknownException: (com.databricks.sql.managedcatalog.acl.UnauthorizedAccessException) PERMISSION_DENIED: User does not have CREATE SCHEMA on Catalog 'workspace'.

JVM stacktrace:
com.databricks.sql.managedcatalog.acl.UnauthorizedAccessException
	at com.databricks.sql.managedcatalog.client.ErrorDetailsHandlerImpl.wrapServiceException(ErrorDetailsHandler.scala:119)
	at com.databricks.sql.managedcatalog.client.ErrorDetailsHandlerImpl.wrapServiceException$(ErrorDetailsHandler.scala:88)
	at com.databricks.managedcatalog.ManagedCatalogClientImpl.wrapServiceException(ManagedCatalogClientImpl.scala:44)
	at com.databricks.sql.managedcatalog.client.ManagedCatalogClientImpl.recordAndWrapExceptionBase(ManagedCatalogClientImpl.scala:8732)
	at com.databricks.sql.managedcatalog.client.ManagedCatalogClientImpl.recordAndWrapException(ManagedCatalogClientImpl.scala:8682)
	at com.databricks.sql.managedcatalog.client.ManagedCatalogClientImpl.createSchemaProto(ManagedCatalogClientImpl.scala:1015)
	at com.databricks.sql.managedcatalog.client.ManagedCatalogClientImpl.$anonfun$createSchema$1(ManagedCatalogClientImpl.scala:1003)
	at com.databricks.sql.managedcatalog.client.ManagedCatalogClientImpl.$anonfun$recordAndWrapExceptionBase$2(ManagedCatalogClientImpl.scala:8754)
	at com.databricks.spark.util.FrameProfiler$.$anonfun$record$1(FrameProfiler.scala:114)
	at com.databricks.spark.util.FrameProfilerExporter$.maybeExportFrameProfiler(FrameProfilerExporter.scala:146)
	at com.databricks.spark.util.FrameProfiler$.record(FrameProfiler.scala:105)
	at com.databricks.sql.managedcatalog.client.ManagedCatalogClientImpl.$anonfun$recordAndWrapExceptionBase$1(ManagedCatalogClientImpl.scala:8753)
	at com.databricks.sql.managedcatalog.client.ErrorDetailsHandlerImpl.wrapServiceException(ErrorDetailsHandler.scala:96)
	at com.databricks.sql.managedcatalog.client.ErrorDetailsHandlerImpl.wrapServiceException$(ErrorDetailsHandler.scala:88)
	at com.databricks.managedcatalog.ManagedCatalogClientImpl.wrapServiceE"
overall,fail,"FAILED: catalog=workspace, schema=nachalniki_access_check_20261007_121343_8e48, failures=1, cleanup failures=0"
